<?xml version="1.0" encoding="UTF-8" ?>
<!DOCTYPE configuration
  PUBLIC "-//mybatis.org//DTD Config 3.0//EN"
  "https://mybatis.org/dtd/mybatis-3-config.dtd">

<configuration>
  <properties resource="config/config.properties">
  </properties>
  <settings>
    <setting name="mapUnderscoreToCamelCase" value="true"/>
    <setting name="jdbcTypeForNull" value="NULL" />
  </settings>

  <typeAliases>
    <typeAlias alias="NoticeVO" type="com.yedam.notice.vo.NoticeVO" />
    <typeAlias alias="ReplyVO" type="com.yedam.notice.vo.ReplyVO" />
    <typeAlias alias="MemberVO" type="com.yedam.member.vo.MemberVO" />
  </typeAliases>

  <environments default="development">
    <environment id="development">
      <transactionManager type="JDBC"/>
      <dataSource type="POOLED">
        <property name="driver" value="${driver}"/>
        <property name="url" value="${url}"/>
        <property name="username" value="${username}"/>
        <property name="password" value="${password}"/>
      </dataSource>
    </environment>
  </environments>

  <mappers>
    <mapper class="com.yedam.notice.mapper.NoticeMapper"/>
    <mapper class="com.yedam.member.mapper.MemberMapper"/>
  </mappers>
</configuration>