<?xml version="1.0" encoding="UTF-8" ?>
<!DOCTYPE mapper
  PUBLIC "-//mybatis.org//DTD Mapper 3.0//EN"
  "https://mybatis.org/dtd/mybatis-3-mapper.dtd">

<mapper namespace="com.yedam.member.mapper.MemberMapper">
	<select id="login" resultType="MemberVO">
		select * from members where member_id=#{memberId} and member_pw=#{memberPw}
	</select>
	
	<insert id="addMember" parameterType="MemberVO">
		insert into members(member_id, member_pw, member_name, member_phone, responsibility, image, member_addr)
		values(#{memberId},#{memberPw},#{memberName}, #{memberPhone}, 'user', #{image}, #{memberAddr})
	</insert>
	
	<select id="memberList" resultType="MemberVO">
		select * from members order by member_id
	</select>
	
	<select id="getMember" parameterType="string" resultType="MemberVO">
		select * from members where member_id=#{id}
	</select>
	
	<update id="updateMember" parameterType="MemberVO">
		update members
		<set>
		<if test="image != null">
			image = #{image},
		</if>
		<if test="memberName != null">
			member_name = #{memberName},
		</if>
		<if test="memberPw != null">
			member_pw = #{memberPw},
		</if>
		<if test="memberPhone != null">
			member_phone = #{memberPhone},
		</if>
		<if test="memberAddr != null">
			member_addr = #{memberAddr},
		</if>
		<if test="responsibility != null">
			responsibility = #{responsibility}
		</if>
		</set> 
		where member_id = #{memberId}
	</update>
	
	<delete id="deleteMember" parameterType="string">
		delete from members
		where member_id = #{mid}
	</delete>
	
</mapper>