<?xml version="1.0" encoding="UTF-8" ?>
<!DOCTYPE mapper
  PUBLIC "-//mybatis.org//DTD Mapper 3.0//EN"
  "https://mybatis.org/dtd/mybatis-3-mapper.dtd">
<mapper namespace="com.yedam.notice.mapper.NoticeMapper">
  <select id="selectList" resultType="NoticeVO">
    SELECT * FROM tbl_notice ORDER BY notice_id desc
  </select>
  
  <select id="searchOne" resultType="NoticeVO">
    SELECT * FROM tbl_notice WHERE notice_id=#{nid}
  </select>
  
  <insert id="insertNotice" parameterType="NoticeVO">
    <selectKey keyProperty="noticeId" resultType="int" order="BEFORE">
  		select notice_seq.nextval  from dual
  	</selectKey>
    INSERT INTO tbl_notice (notice_id, notice_writer, notice_title, notice_subject, attach_file)
    VALUES(#{noticeId}, #{noticeWriter}, #{noticeTitle}, #{noticeSubject},#{attachFile})    
  </insert>
  
  <update id="updateNotice" parameterType="NoticeVO">
    UPDATE tbl_notice
    SET    notice_title=#{noticeTitle}
          ,notice_subject=#{noticeSubject}
    WHERE notice_id=#{noticeId}
  </update>
  
  <delete id="deleteNotice" parameterType="int">
    DELETE FROM tbl_notice where notice_id=#{nid}
  </delete>
  
  <update id="increaseCnt" parameterType="int">
    UPDATE tbl_notice
    SET    hit_count = hit_count + 1
    WHERE notice_id = #{nid}
  </update>
  
  <select id="replyList" resultType="ReplyVO">
  	SELECT * FROM tbl_reply 
  	WHERE notice_id = #{nid}
  	ORDER BY reply_id
  </select>
  
  <delete id="deleteReply" parameterType="int">
  	DELETE FROM tbl_reply where reply_id = #{rid}
  </delete>
  
  <insert id="insertReply" parameterType="ReplyVO">
  	<selectKey keyProperty="replyId" resultType="int" order="BEFORE">
  		select reply_seq.nextval  from dual
  	</selectKey>
  
  	insert into tbl_reply (reply_id, notice_id, reply_title, reply_subject, reply_writer )
	values(#{replyId}, #{noticeId}, #{replyTitle}, #{replySubject}, #{replyWriter} )
  </insert>
  
</mapper>